{
    "game": "Norman's Abyss",
    "items": [
      {
        "name": "Abyssal Blade",
        "type": "Weapon",
        "description": "A dark blade forged from the essence of the Abyss. Deals extra damage to shadow creatures.",
        "rarity": "Legendary",
        "attributes": {
          "attack": 150,
          "speed": 1.2,
          "special_effect": "Increases damage against shadow enemies by 30%"
        },
        "location": "Found in the Abyssal Keep after defeating the Shadow Warden."
      },
      {
        "name": "Phoenix Feather",
        "type": "Crafting Material",
        "description": "A rare feather said to be imbued with the power of the Phoenix. Used in powerful resurrection potions.",
        "rarity": "Epic",
        "attributes": {},
        "location": "Dropped by the Phoenix King in the Flamecore Mountains."
      }
    ],
    "locations": [
      {
        "name": "Enchanted Forest",
        "description": "A mystical forest filled with ancient trees and hidden creatures. Known for its powerful healing herbs.",
        "coordinates": {
          "x": 35.12,
          "y": 42.37
        },
        "special_features": ["Healing Springs", "Glimmering Flowers", "Hidden Dungeons"]
      },
      {
        "name": "Ruins of Eldara",
        "description": "The crumbled remnants of a once great city, now haunted by the spirits of its former inhabitants.",
        "coordinates": {
          "x": 12.54,
          "y": 27.89
        },
        "special_features": ["Ancient Artifacts", "Guardian Spirits", "Underground Labyrinth"]
      }
    ],
    "enemies": [
      {
        "name": "Flame Golem",
        "type": "Boss",
        "level": 45,
        "health": 1200,
        "attack": 180,
        "abilities": [
          {
            "name": "Fireball",
            "damage": 200,
            "description": "Throws a fireball that deals massive damage to the player."
          },
          {
            "name": "Lava Slam",
            "damage": 300,
            "description": "Smashes the ground, causing lava to erupt and deal damage in an area."
          }
        ],
        "location": "Located in the Lava Crater, just before the path to the Fire Temple."
      },
      {
        "name": "Elder Specter",
        "type": "Mini Boss",
        "level": 30,
        "health": 800,
        "attack": 120,
        "abilities": [
          {
            "name": "Phantom Strike",
            "damage": 150,
            "description": "A quick strike that hits multiple times, draining the player's stamina."
          },
          {
            "name": "Soul Siphon",
            "damage": 50,
            "description": "Drains a small amount of health from the player with each hit."
          }
        ],
        "location": "Found in the Ruins of Eldara, near the ancient statue."
      }
    ],
    "spells": [
      {
        "name": "Ice Shard",
        "type": "Offensive",
        "description": "Fires a shard of ice at the enemy, freezing them in place for a short duration.",
        "mana_cost": 30,
        "damage": 100,
        "cooldown": 5
      },
      {
        "name": "Healing Aura",
        "type": "Support",
        "description": "Surrounds the caster with a healing aura, restoring health to all allies within range.",
        "mana_cost": 40,
        "heal_amount": 75,
        "radius": 10,
        "cooldown": 15
      }
    ],
    "quests": [
      {
        "title": "The Phoenix's Blessing",
        "description": "Find the Phoenix Feather and return it to the High Priest in Eldora to receive a powerful blessing.",
        "objectives": [
          "Locate the Phoenix King in the Flamecore Mountains.",
          "Defeat the Phoenix King.",
          "Retrieve the Phoenix Feather.",
          "Return to the High Priest in Eldora."
        ],
        "reward": {
          "experience": 5000,
          "items": ["Phoenix Feather", "Blessing of the Phoenix"]
        }
      },
      {
        "title": "Echoes of the Past",
        "description": "Investigate the Ruins of Eldara and uncover the secrets hidden within the underground labyrinth.",
        "objectives": [
          "Enter the Ruins of Eldara.",
          "Find the entrance to the underground labyrinth.",
          "Solve the puzzle inside the labyrinth.",
          "Uncover the forgotten artifact."
        ],
        "reward": {
          "experience": 4000,
          "items": ["Ancient Tome", "Gold Coins"]
        }
      }
    ]
  }
  